{"root":[{"assemblyName":"Assembly-CSharp","nameSpace":"","className":"GlobalController","methodName":"CreateInstance","loadTypes":1,"isUnityClass":false},{"assemblyName":"PhotonRealtime","nameSpace":"Photon.Realtime","className":"ConnectionHandler","methodName":"StaticReset","loadTypes":4,"isUnityClass":false},{"assemblyName":"Unity.InputSystem","nameSpace":"UnityEngine.InputSystem","className":"InputSystem","methodName":"RunInitializeInPlayer","loadTypes":1,"isUnityClass":true},{"assemblyName":"Unity.RenderPipelines.Core.Runtime","nameSpace":"UnityEngine.Rendering","className":"DebugUpdater","methodName":"RuntimeInit","loadTypes":0,"isUnityClass":true},{"assemblyName":"Unity.RenderPipelines.Universal.Runtime","nameSpace":"UnityEngine.Rendering.Universal","className":"XRSystem","methodName":"XRSystemInit","loadTypes":3,"isUnityClass":true}]}
